"","X","month","age","serostatus","serotype","outcome","trial","Y","year"
"1",1,"12","4-5yrs","seropositive","all","hosp","vaccine",1,"1"
"2",2,"12","6-11yrs","seropositive","all","hosp","vaccine",1,"1"
"3",3,"12","12-16yrs","seropositive","all","hosp","vaccine",2,"1"
"4",4,"12","4-5yrs","seronegative","all","hosp","vaccine",0,"1"
"5",5,"12","6-11yrs","seronegative","all","hosp","vaccine",1,"1"
"6",6,"12","12-16yrs","seronegative","all","hosp","vaccine",0,"1"
"7",7,"12","4-5yrs","seropositive","all","hosp","placebo",1,"1"
"8",8,"12","6-11yrs","seropositive","all","hosp","placebo",19,"1"
"9",9,"12","12-16yrs","seropositive","all","hosp","placebo",15,"1"
"10",10,"12","4-5yrs","seronegative","all","hosp","placebo",2,"1"
"11",11,"12","6-11yrs","seronegative","all","hosp","placebo",14,"1"
"12",12,"12","12-16yrs","seronegative","all","hosp","placebo",2,"1"
"13",13,"18","4-5yrs","seropositive","all","hosp","vaccine",2,"1.5"
"14",14,"18","6-11yrs","seropositive","all","hosp","vaccine",2,"1.5"
"15",15,"18","12-16yrs","seropositive","all","hosp","vaccine",0,"1.5"
"16",16,"18","4-5yrs","seronegative","all","hosp","vaccine",2,"1.5"
"17",17,"18","6-11yrs","seronegative","all","hosp","vaccine",2,"1.5"
"18",18,"18","12-16yrs","seronegative","all","hosp","vaccine",0,"1.5"
"19",19,"18","4-5yrs","seropositive","all","hosp","placebo",2,"1.5"
"20",20,"18","6-11yrs","seropositive","all","hosp","placebo",7,"1.5"
"21",21,"18","12-16yrs","seropositive","all","hosp","placebo",1,"1.5"
"22",22,"18","4-5yrs","seronegative","all","hosp","placebo",1,"1.5"
"23",23,"18","6-11yrs","seronegative","all","hosp","placebo",1,"1.5"
"24",24,"18","12-16yrs","seronegative","all","hosp","placebo",1,"1.5"
"25",25,"24","4-5yrs","seropositive","all","hosp","vaccine",0,"2"
"26",26,"24","6-11yrs","seropositive","all","hosp","vaccine",0,"2"
"27",27,"24","12-16yrs","seropositive","all","hosp","vaccine",1,"2"
"28",28,"24","4-5yrs","seronegative","all","hosp","vaccine",1,"2"
"29",29,"24","6-11yrs","seronegative","all","hosp","vaccine",1,"2"
"30",30,"24","12-16yrs","seronegative","all","hosp","vaccine",0,"2"
"31",31,"24","4-5yrs","seropositive","all","hosp","placebo",1,"2"
"32",32,"24","6-11yrs","seropositive","all","hosp","placebo",4,"2"
"33",33,"24","12-16yrs","seropositive","all","hosp","placebo",1,"2"
"34",34,"24","4-5yrs","seronegative","all","hosp","placebo",0,"2"
"35",35,"24","6-11yrs","seronegative","all","hosp","placebo",3,"2"
"36",36,"24","12-16yrs","seronegative","all","hosp","placebo",0,"2"
"37",37,"36","4-5yrs","seropositive","all","hosp","vaccine",4,"3"
"38",38,"36","6-11yrs","seropositive","all","hosp","vaccine",5,"3"
"39",39,"36","12-16yrs","seropositive","all","hosp","vaccine",3,"3"
"40",40,"36","4-5yrs","seronegative","all","hosp","vaccine",1,"3"
"41",41,"36","6-11yrs","seronegative","all","hosp","vaccine",7,"3"
"42",42,"36","12-16yrs","seronegative","all","hosp","vaccine",1,"3"
"43",43,"36","4-5yrs","seropositive","all","hosp","placebo",1,"3"
"44",44,"36","6-11yrs","seropositive","all","hosp","placebo",18,"3"
"45",45,"36","12-16yrs","seropositive","all","hosp","placebo",7,"3"
"46",46,"36","4-5yrs","seronegative","all","hosp","placebo",2,"3"
"47",47,"36","6-11yrs","seronegative","all","hosp","placebo",5,"3"
"48",48,"36","12-16yrs","seronegative","all","hosp","placebo",1,"3"
"49",49,"36","all","seropositive","DENV1","hosp","vaccine",6,"3"
"50",50,"36","all","seropositive","DENV2","hosp","vaccine",2,"3"
"51",51,"36","all","seropositive","DENV3","hosp","vaccine",4,"3"
"52",52,"36","all","seropositive","DENV4","hosp","vaccine",0,"3"
"53",53,"36","all","seronegative","DENV1","hosp","vaccine",2,"3"
"54",54,"36","all","seronegative","DENV2","hosp","vaccine",0,"3"
"55",55,"36","all","seronegative","DENV3","hosp","vaccine",7,"3"
"56",56,"36","all","seronegative","DENV4","hosp","vaccine",0,"3"
"57",57,"36","all","seropositive","DENV1","hosp","placebo",10,"3"
"58",58,"36","all","seropositive","DENV2","hosp","placebo",9,"3"
"59",59,"36","all","seropositive","DENV3","hosp","placebo",6,"3"
"60",60,"36","all","seropositive","DENV4","hosp","placebo",1,"3"
"61",61,"36","all","seronegative","DENV1","hosp","placebo",5,"3"
"62",62,"36","all","seronegative","DENV2","hosp","placebo",2,"3"
"63",63,"36","all","seronegative","DENV3","hosp","placebo",1,"3"
"64",64,"36","all","seronegative","DENV4","hosp","placebo",0,"3"
"65",65,"12","4-5yrs","both","DENV1","hosp","both",0,"1"
"66",66,"12","6-11yrs","both","DENV1","hosp","both",4,"1"
"67",67,"12","12-16yrs","both","DENV1","hosp","both",1,"1"
"68",68,"12","4-5yrs","both","DENV2","hosp","both",3,"1"
"69",69,"12","6-11yrs","both","DENV2","hosp","both",25,"1"
"70",70,"12","12-16yrs","both","DENV2","hosp","both",15,"1"
"71",71,"12","4-5yrs","both","DENV3","hosp","both",1,"1"
"72",72,"12","6-11yrs","both","DENV3","hosp","both",6,"1"
"73",73,"12","12-16yrs","both","DENV3","hosp","both",3,"1"
"74",74,"12","4-5yrs","both","DENV4","hosp","both",0,"1"
"75",75,"12","6-11yrs","both","DENV4","hosp","both",0,"1"
"76",76,"12","12-16yrs","both","DENV4","hosp","both",0,"1"
"77",77,"24","4-5yrs","both","DENV1","hosp","both",4,"2"
"78",78,"24","6-11yrs","both","DENV1","hosp","both",11,"2"
"79",79,"24","12-16yrs","both","DENV1","hosp","both",4,"2"
"80",80,"24","4-5yrs","both","DENV2","hosp","both",2,"2"
"81",81,"24","6-11yrs","both","DENV2","hosp","both",5,"2"
"82",82,"24","12-16yrs","both","DENV2","hosp","both",0,"2"
"83",83,"24","4-5yrs","both","DENV3","hosp","both",3,"2"
"84",84,"24","6-11yrs","both","DENV3","hosp","both",3,"2"
"85",85,"24","12-16yrs","both","DENV3","hosp","both",0,"2"
"86",86,"24","4-5yrs","both","DENV4","hosp","both",0,"2"
"87",87,"24","6-11yrs","both","DENV4","hosp","both",1,"2"
"88",88,"24","12-16yrs","both","DENV4","hosp","both",0,"2"
"89",89,"48","all","seropositive","DENV1","hosp","placebo",3,"4"
"90",90,"48","all","seropositive","DENV2","hosp","placebo",4,"4"
"91",91,"48","all","seropositive","DENV3","hosp","placebo",1,"4"
"92",92,"48","all","seropositive","DENV4","hosp","placebo",0,"4"
"93",93,"48","all","seronegative","DENV1","hosp","placebo",3,"4"
"94",94,"48","all","seronegative","DENV2","hosp","placebo",1,"4"
"95",95,"48","all","seronegative","DENV3","hosp","placebo",1,"4"
"96",96,"48","all","seronegative","DENV4","hosp","placebo",0,"4"
"97",97,"48","all","seropositive","DENV1","hosp","vaccine",1,"4"
"98",98,"48","all","seropositive","DENV2","hosp","vaccine",0,"4"
"99",99,"48","all","seropositive","DENV3","hosp","vaccine",0,"4"
"100",100,"48","all","seropositive","DENV4","hosp","vaccine",0,"4"
"101",101,"48","all","seronegative","DENV1","hosp","vaccine",0,"4"
"102",102,"48","all","seronegative","DENV2","hosp","vaccine",0,"4"
"103",103,"48","all","seronegative","DENV3","hosp","vaccine",0,"4"
"104",104,"48","all","seronegative","DENV4","hosp","vaccine",0,"4"
"105",105,"54","all","seropositive","DENV1","hosp","placebo",0,"4.5"
"106",106,"54","all","seropositive","DENV2","hosp","placebo",2,"4.5"
"107",107,"54","all","seropositive","DENV3","hosp","placebo",0,"4.5"
"108",108,"54","all","seropositive","DENV4","hosp","placebo",0,"4.5"
"109",109,"54","all","seronegative","DENV1","hosp","placebo",0,"4.5"
"110",110,"54","all","seronegative","DENV2","hosp","placebo",0,"4.5"
"111",111,"54","all","seronegative","DENV3","hosp","placebo",0,"4.5"
"112",112,"54","all","seronegative","DENV4","hosp","placebo",0,"4.5"
"113",113,"54","all","seropositive","DENV1","hosp","vaccine",1,"4.5"
"114",114,"54","all","seropositive","DENV2","hosp","vaccine",0,"4.5"
"115",115,"54","all","seropositive","DENV3","hosp","vaccine",0,"4.5"
"116",116,"54","all","seropositive","DENV4","hosp","vaccine",0,"4.5"
"117",117,"54","all","seronegative","DENV1","hosp","vaccine",0,"4.5"
"118",118,"54","all","seronegative","DENV2","hosp","vaccine",0,"4.5"
"119",119,"54","all","seronegative","DENV3","hosp","vaccine",0,"4.5"
"120",120,"54","all","seronegative","DENV4","hosp","vaccine",0,"4.5"
"121",121,"24","all","seropositive","DENV1","hosp","placebo",11,"2"
"122",122,"24","all","seropositive","DENV2","hosp","placebo",43,"2"
"123",123,"24","all","seropositive","DENV3","hosp","placebo",8,"2"
"124",124,"24","all","seropositive","DENV4","hosp","placebo",2,"2"
"125",125,"24","all","seronegative","DENV1","hosp","placebo",6,"2"
"126",126,"24","all","seronegative","DENV2","hosp","placebo",20,"2"
"127",127,"24","all","seronegative","DENV3","hosp","placebo",1,"2"
"128",128,"24","all","seronegative","DENV4","hosp","placebo",0,"2"
"129",129,"24","all","seropositive","DENV1","hosp","vaccine",6,"2"
"130",130,"24","all","seropositive","DENV2","hosp","vaccine",3,"2"
"131",131,"24","all","seropositive","DENV3","hosp","vaccine",4,"2"
"132",132,"24","all","seropositive","DENV4","hosp","vaccine",0,"2"
"133",133,"24","all","seronegative","DENV1","hosp","vaccine",3,"2"
"134",134,"24","all","seronegative","DENV2","hosp","vaccine",0,"2"
"135",135,"24","all","seronegative","DENV3","hosp","vaccine",4,"2"
"136",136,"24","all","seronegative","DENV4","hosp","vaccine",0,"2"
"137",137,"48","4-5yrs","seropositive","all","hosp","placebo",2,"4"
"138",138,"48","4-5yrs","seropositive","all","hosp","vaccine",0,"4"
"139",139,"48","4-5yrs","seronegative","all","hosp","placebo",1,"4"
"140",140,"48","4-5yrs","seronegative","all","hosp","vaccine",0,"4"
"141",141,"48","6-11yrs","seropositive","all","hosp","placebo",5,"4"
"142",142,"48","6-11yrs","seropositive","all","hosp","vaccine",1,"4"
"143",143,"48","6-11yrs","seronegative","all","hosp","placebo",3,"4"
"144",144,"48","6-11yrs","seronegative","all","hosp","vaccine",0,"4"
"145",145,"48","12-16yrs","seropositive","all","hosp","placebo",1,"4"
"146",146,"48","12-16yrs","seropositive","all","hosp","vaccine",0,"4"
"147",147,"48","12-16yrs","seronegative","all","hosp","placebo",1,"4"
"148",148,"48","12-16yrs","seronegative","all","hosp","vaccine",0,"4"
"149",149,"54","4-5yrs","seronegative","all","hosp","placebo",0,"4.5"
"150",150,"54","6-11yrs","seronegative","all","hosp","placebo",0,"4.5"
"151",151,"54","12-16yrs","seronegative","all","hosp","placebo",0,"4.5"
"152",152,"54","4-5yrs","seronegative","all","hosp","vaccine",0,"4.5"
"153",153,"54","6-11yrs","seronegative","all","hosp","vaccine",0,"4.5"
"154",154,"54","12-16yrs","seronegative","all","hosp","vaccine",0,"4.5"
"155",155,"54","4-5yrs","seropositive","all","hosp","placebo",0,"4.5"
"156",156,"54","6-11yrs","seropositive","all","hosp","placebo",2,"4.5"
"157",157,"54","12-16yrs","seropositive","all","hosp","placebo",0,"4.5"
"158",158,"54","4-5yrs","seropositive","all","hosp","vaccine",0,"4.5"
"159",159,"54","6-11yrs","seropositive","all","hosp","vaccine",1,"4.5"
"160",160,"54","12-16yrs","seropositive","all","hosp","vaccine",0,"4.5"
"161",161,"all","4-5yrs","seropositive","DENV1","hosp","placebo",2,"all"
"162",162,"all","4-5yrs","seropositive","DENV2","hosp","placebo",4,"all"
"163",163,"all","4-5yrs","seropositive","DENV3","hosp","placebo",2,"all"
"164",164,"all","4-5yrs","seropositive","DENV4","hosp","placebo",0,"all"
"165",165,"all","4-5yrs","seropositive","DENV1","hosp","vaccine",4,"all"
"166",166,"all","4-5yrs","seropositive","DENV2","hosp","vaccine",0,"all"
"167",167,"all","4-5yrs","seropositive","DENV3","hosp","vaccine",3,"all"
"168",168,"all","4-5yrs","seropositive","DENV4","hosp","vaccine",0,"all"
"169",169,"all","6-11yrs","seropositive","DENV1","hosp","placebo",15,"all"
"170",170,"all","6-11yrs","seropositive","DENV2","hosp","placebo",32,"all"
"171",171,"all","6-11yrs","seropositive","DENV3","hosp","placebo",12,"all"
"172",172,"all","6-11yrs","seropositive","DENV4","hosp","placebo",1,"all"
"173",173,"all","6-11yrs","seropositive","DENV1","hosp","vaccine",11,"all"
"174",174,"all","6-11yrs","seropositive","DENV2","hosp","vaccine",2,"all"
"175",175,"all","6-11yrs","seropositive","DENV3","hosp","vaccine",2,"all"
"176",176,"all","6-11yrs","seropositive","DENV4","hosp","vaccine",0,"all"
"177",177,"all","12-16yrs","seropositive","DENV1","hosp","placebo",7,"all"
"178",178,"all","12-16yrs","seropositive","DENV2","hosp","placebo",23,"all"
"179",179,"all","12-16yrs","seropositive","DENV3","hosp","placebo",1,"all"
"180",180,"all","12-16yrs","seropositive","DENV4","hosp","placebo",2,"all"
"181",181,"all","12-16yrs","seropositive","DENV1","hosp","vaccine",1,"all"
"182",182,"all","12-16yrs","seropositive","DENV2","hosp","vaccine",3,"all"
"183",183,"all","12-16yrs","seropositive","DENV3","hosp","vaccine",3,"all"
"184",184,"all","12-16yrs","seropositive","DENV4","hosp","vaccine",0,"all"
"185",185,"all","4-5yrs","seronegative","DENV1","hosp","placebo",2,"all"
"186",186,"all","4-5yrs","seronegative","DENV2","hosp","placebo",2,"all"
"187",187,"all","4-5yrs","seronegative","DENV3","hosp","placebo",2,"all"
"188",188,"all","4-5yrs","seronegative","DENV4","hosp","placebo",1,"all"
"189",189,"all","4-5yrs","seronegative","DENV1","hosp","vaccine",1,"all"
"190",190,"all","4-5yrs","seronegative","DENV2","hosp","vaccine",0,"all"
"191",191,"all","4-5yrs","seronegative","DENV3","hosp","vaccine",3,"all"
"192",192,"all","4-5yrs","seronegative","DENV4","hosp","vaccine",0,"all"
"193",193,"all","6-11yrs","seronegative","DENV1","hosp","placebo",9,"all"
"194",194,"all","6-11yrs","seronegative","DENV2","hosp","placebo",20,"all"
"195",195,"all","6-11yrs","seronegative","DENV3","hosp","placebo",0,"all"
"196",196,"all","6-11yrs","seronegative","DENV4","hosp","placebo",0,"all"
"197",197,"all","6-11yrs","seronegative","DENV1","hosp","vaccine",5,"all"
"198",198,"all","6-11yrs","seronegative","DENV2","hosp","vaccine",0,"all"
"199",199,"all","6-11yrs","seronegative","DENV3","hosp","vaccine",7,"all"
"200",200,"all","6-11yrs","seronegative","DENV4","hosp","vaccine",0,"all"
"201",201,"all","12-16yrs","seronegative","DENV1","hosp","placebo",3,"all"
"202",202,"all","12-16yrs","seronegative","DENV2","hosp","placebo",1,"all"
"203",203,"all","12-16yrs","seronegative","DENV3","hosp","placebo",1,"all"
"204",204,"all","12-16yrs","seronegative","DENV4","hosp","placebo",0,"all"
"205",205,"all","12-16yrs","seronegative","DENV1","hosp","vaccine",0,"all"
"206",206,"all","12-16yrs","seronegative","DENV2","hosp","vaccine",0,"all"
"207",207,"all","12-16yrs","seronegative","DENV3","hosp","vaccine",1,"all"
"208",208,"all","12-16yrs","seronegative","DENV4","hosp","vaccine",0,"all"
