"","X","trial","serostatus","serotype","age","year","Y","N","month","outcome"
"1",1,"vaccine","seropositive","all","all","1.5",34,9126,"18",NA
"2",2,"vaccine","seropositive","all","all","1",41,9165,"12",NA
"3",3,"vaccine","seropositive","all","all","2",30,9002,"24",NA
"4",4,"vaccine","seropositive","all","all","3",139,8863,"36",NA
"5",5,"vaccine","seropositive","all","all","4",22,8576,"48",NA
"6",6,"vaccine","seropositive","all","all","4.5",8,8554,"54",NA
"7",7,"vaccine","seronegative","all","all","1.5",19,3511,"18",NA
"8",8,"vaccine","seronegative","all","all","1",20,3531,"12",NA
"9",9,"vaccine","seronegative","all","all","2",14,3459,"24",NA
"10",10,"vaccine","seronegative","all","all","3",69,3412,"36",NA
"11",11,"vaccine","seronegative","all","all","4",11,3281,"48",NA
"12",12,"vaccine","seronegative","all","all","4.5",8,3269,"54",NA
"13",13,"vaccine","both","all","all","1.5",53,12637,"18",NA
"14",14,"vaccine","both","all","all","1",61,12696,"12",NA
"15",15,"vaccine","both","all","all","2",44,12461,"24",NA
"16",16,"vaccine","both","all","all","3",208,12275,"36",NA
"17",17,"vaccine","both","all","all","4",33,11857,"48",NA
"18",18,"vaccine","both","all","all","4.5",16,11823,"54",NA
"19",19,"placebo","seropositive","all","all","1.5",40,4479,"18",NA
"20",20,"placebo","seropositive","all","all","1",110,4587,"12",NA
"21",21,"placebo","seropositive","all","all","2",37,4402,"24",NA
"22",22,"placebo","seropositive","all","all","3",128,4315,"36",NA
"23",23,"placebo","seropositive","all","all","4",29,4110,"48",NA
"24",24,"placebo","seropositive","all","all","4.5",6,4081,"54",NA
"25",25,"placebo","seronegative","all","all","1.5",17,1687,"18",NA
"26",26,"placebo","seronegative","all","all","1",39,1726,"12",NA
"27",27,"placebo","seronegative","all","all","2",12,1659,"24",NA
"28",28,"placebo","seronegative","all","all","3",51,1630,"36",NA
"29",29,"placebo","seronegative","all","all","4",13,1558,"48",NA
"30",30,"placebo","seronegative","all","all","4.5",4,1544,"54",NA
"31",31,"placebo","both","all","all","1.5",57,6166,"18",NA
"32",32,"placebo","both","all","all","1",149,6313,"12",NA
"33",33,"placebo","both","all","all","2",49,6061,"24",NA
"34",34,"placebo","both","all","all","3",179,5945,"36",NA
"35",35,"placebo","both","all","all","4",42,5668,"48",NA
"36",36,"placebo","both","all","all","4.5",10,5625,"54",NA
"37",37,"vaccine","seropositive","DENV1","all","1.5",14,9160,"18",NA
"38",38,"vaccine","seropositive","DENV1","all","1",7,9165,"12",NA
"39",39,"vaccine","seropositive","DENV1","all","2",12,9056,"24",NA
"40",40,"vaccine","seropositive","DENV1","all","3",77,8935,"36",NA
"41",41,"vaccine","seropositive","DENV1","all","4",16,8710,"48",NA
"42",42,"vaccine","seropositive","DENV1","all","4.5",1,8694,"54",NA
"43",43,"vaccine","seronegative","DENV1","all","1.5",8,3522,"18",NA
"44",44,"vaccine","seronegative","DENV1","all","1",9,3531,"12",NA
"45",45,"vaccine","seronegative","DENV1","all","2",7,3481,"24",NA
"46",46,"vaccine","seronegative","DENV1","all","3",49,3441,"36",NA
"47",47,"vaccine","seronegative","DENV1","all","4",10,3330,"48",NA
"48",48,"vaccine","seronegative","DENV1","all","4.5",1,3319,"54",NA
"49",49,"vaccine","both","DENV1","all","1.5",22,12682,"18",NA
"50",50,"vaccine","both","DENV1","all","1",16,12696,"12",NA
"51",51,"vaccine","both","DENV1","all","2",19,12537,"24",NA
"52",52,"vaccine","both","DENV1","all","3",126,12376,"36",NA
"53",53,"vaccine","both","DENV1","all","4",26,12040,"48",NA
"54",54,"vaccine","both","DENV1","all","4.5",2,12013,"54",NA
"55",55,"placebo","seropositive","DENV1","all","1.5",20,4572,"18",NA
"56",56,"placebo","seropositive","DENV1","all","1",17,4587,"12",NA
"57",57,"placebo","seropositive","DENV1","all","2",11,4515,"24",NA
"58",58,"placebo","seropositive","DENV1","all","3",69,4454,"36",NA
"59",59,"placebo","seropositive","DENV1","all","4",18,4308,"48",NA
"60",60,"placebo","seropositive","DENV1","all","4.5",2,4290,"54",NA
"61",61,"placebo","seronegative","DENV1","all","1.5",12,1713,"18",NA
"62",62,"placebo","seronegative","DENV1","all","1",13,1726,"12",NA
"63",63,"placebo","seronegative","DENV1","all","2",6,1690,"24",NA
"64",64,"placebo","seronegative","DENV1","all","3",28,1667,"36",NA
"65",65,"placebo","seronegative","DENV1","all","4",11,1618,"48",NA
"66",66,"placebo","seronegative","DENV1","all","4.5",2,1606,"54",NA
"67",67,"placebo","both","DENV1","all","1.5",32,6285,"18",NA
"68",68,"placebo","both","DENV1","all","1",30,6313,"12",NA
"69",69,"placebo","both","DENV1","all","2",17,6205,"24",NA
"70",70,"placebo","both","DENV1","all","3",97,6121,"36",NA
"71",71,"placebo","both","DENV1","all","4",29,5926,"48",NA
"72",72,"placebo","both","DENV1","all","4.5",4,5896,"54",NA
"73",73,"vaccine","seropositive","DENV2","all","1.5",4,9164,"18",NA
"74",74,"vaccine","seropositive","DENV2","all","1",3,9165,"12",NA
"75",75,"vaccine","seropositive","DENV2","all","2",7,9070,"24",NA
"76",76,"vaccine","seropositive","DENV2","all","3",20,8954,"36",NA
"77",77,"vaccine","seropositive","DENV2","all","4",4,8786,"48",NA
"78",78,"vaccine","seropositive","DENV2","all","4.5",7,8782,"54",NA
"79",79,"vaccine","seronegative","DENV2","all","1.5",1,3531,"18",NA
"80",80,"vaccine","seronegative","DENV2","all","1",0,3531,"12",NA
"81",81,"vaccine","seronegative","DENV2","all","2",2,3497,"24",NA
"82",82,"vaccine","seronegative","DENV2","all","3",5,3462,"36",NA
"83",83,"vaccine","seronegative","DENV2","all","4",0,3395,"48",NA
"84",84,"vaccine","seronegative","DENV2","all","4.5",4,3394,"54",NA
"85",85,"vaccine","both","DENV2","all","1.5",5,12695,"18",NA
"86",86,"vaccine","both","DENV2","all","1",3,12696,"12",NA
"87",87,"vaccine","both","DENV2","all","2",9,12567,"24",NA
"88",88,"vaccine","both","DENV2","all","3",25,12416,"36",NA
"89",89,"vaccine","both","DENV2","all","4",4,12181,"48",NA
"90",90,"vaccine","both","DENV2","all","4.5",11,12176,"54",NA
"91",91,"placebo","seropositive","DENV2","all","1.5",12,4547,"18",NA
"92",92,"placebo","seropositive","DENV2","all","1",42,4587,"12",NA
"93",93,"placebo","seropositive","DENV2","all","2",10,4498,"24",NA
"94",94,"placebo","seropositive","DENV2","all","3",34,4438,"36",NA
"95",95,"placebo","seropositive","DENV2","all","4",6,4327,"48",NA
"96",96,"placebo","seropositive","DENV2","all","4.5",3,4321,"54",NA
"97",97,"placebo","seronegative","DENV2","all","1.5",4,1704,"18",NA
"98",98,"placebo","seronegative","DENV2","all","1",22,1726,"12",NA
"99",99,"placebo","seronegative","DENV2","all","2",1,1689,"24",NA
"100",100,"placebo","seronegative","DENV2","all","3",16,1671,"36",NA
"101",101,"placebo","seronegative","DENV2","all","4",1,1634,"48",NA
"102",102,"placebo","seronegative","DENV2","all","4.5",2,1632,"54",NA
"103",103,"placebo","both","DENV2","all","1.5",16,6251,"18",NA
"104",104,"placebo","both","DENV2","all","1",64,6313,"12",NA
"105",105,"placebo","both","DENV2","all","2",11,6187,"24",NA
"106",106,"placebo","both","DENV2","all","3",50,6109,"36",NA
"107",107,"placebo","both","DENV2","all","4",7,5961,"48",NA
"108",108,"placebo","both","DENV2","all","4.5",5,5953,"54",NA
"109",109,"vaccine","seropositive","DENV3","all","1.5",15,9139,"18",NA
"110",110,"vaccine","seropositive","DENV3","all","1",28,9165,"12",NA
"111",111,"vaccine","seropositive","DENV3","all","2",10,9034,"24",NA
"112",112,"vaccine","seropositive","DENV3","all","3",37,8915,"36",NA
"113",113,"vaccine","seropositive","DENV3","all","4",2,8730,"48",NA
"114",114,"vaccine","seropositive","DENV3","all","4.5",0,8728,"54",NA
"115",115,"vaccine","seronegative","DENV3","all","1.5",9,3520,"18",NA
"116",116,"vaccine","seronegative","DENV3","all","1",11,3531,"12",NA
"117",117,"vaccine","seronegative","DENV3","all","2",3,3478,"24",NA
"118",118,"vaccine","seronegative","DENV3","all","3",11,3442,"36",NA
"119",119,"vaccine","seronegative","DENV3","all","4",0,3369,"48",NA
"120",120,"vaccine","seronegative","DENV3","all","4.5",0,3368,"54",NA
"121",121,"vaccine","both","DENV3","all","1.5",24,12659,"18",NA
"122",122,"vaccine","both","DENV3","all","1",39,12696,"12",NA
"123",123,"vaccine","both","DENV3","all","2",13,12512,"24",NA
"124",124,"vaccine","both","DENV3","all","3",48,12357,"36",NA
"125",125,"vaccine","both","DENV3","all","4",2,12099,"48",NA
"126",126,"vaccine","both","DENV3","all","4.5",0,12096,"54",NA
"127",127,"placebo","seropositive","DENV3","all","1.5",7,4542,"18",NA
"128",128,"placebo","seropositive","DENV3","all","1",47,4587,"12",NA
"129",129,"placebo","seropositive","DENV3","all","2",14,4498,"24",NA
"130",130,"placebo","seropositive","DENV3","all","3",20,4434,"36",NA
"131",131,"placebo","seropositive","DENV3","all","4",2,4337,"48",NA
"132",132,"placebo","seropositive","DENV3","all","4.5",0,4335,"54",NA
"133",133,"placebo","seronegative","DENV3","all","1.5",2,1722,"18",NA
"134",134,"placebo","seronegative","DENV3","all","1",4,1726,"12",NA
"135",135,"placebo","seronegative","DENV3","all","2",3,1709,"24",NA
"136",136,"placebo","seronegative","DENV3","all","3",6,1689,"36",NA
"137",137,"placebo","seronegative","DENV3","all","4",1,1662,"48",NA
"138",138,"placebo","seronegative","DENV3","all","4.5",0,1660,"54",NA
"139",139,"placebo","both","DENV3","all","1.5",9,6264,"18",NA
"140",140,"placebo","both","DENV3","all","1",51,6313,"12",NA
"141",141,"placebo","both","DENV3","all","2",17,6207,"24",NA
"142",142,"placebo","both","DENV3","all","3",26,6123,"36",NA
"143",143,"placebo","both","DENV3","all","4",3,5999,"48",NA
"144",144,"placebo","both","DENV3","all","4.5",0,5995,"54",NA
"145",145,"vaccine","seropositive","DENV4","all","1.5",1,9164,"18",NA
"146",146,"vaccine","seropositive","DENV4","all","1",3,9165,"12",NA
"147",147,"vaccine","seropositive","DENV4","all","2",1,9073,"24",NA
"148",148,"vaccine","seropositive","DENV4","all","3",5,8963,"36",NA
"149",149,"vaccine","seropositive","DENV4","all","4",0,8810,"48",NA
"150",150,"vaccine","seropositive","DENV4","all","4.5",0,8810,"54",NA
"151",151,"vaccine","seronegative","DENV4","all","1.5",1,3531,"18",NA
"152",152,"vaccine","seronegative","DENV4","all","1",0,3531,"12",NA
"153",153,"vaccine","seronegative","DENV4","all","2",2,3497,"24",NA
"154",154,"vaccine","seronegative","DENV4","all","3",4,3462,"36",NA
"155",155,"vaccine","seronegative","DENV4","all","4",1,3396,"48",NA
"156",156,"vaccine","seronegative","DENV4","all","4.5",3,3394,"54",NA
"157",157,"vaccine","both","DENV4","all","1.5",2,12695,"18",NA
"158",158,"vaccine","both","DENV4","all","1",3,12696,"12",NA
"159",159,"vaccine","both","DENV4","all","2",3,12570,"24",NA
"160",160,"vaccine","both","DENV4","all","3",9,12425,"36",NA
"161",161,"vaccine","both","DENV4","all","4",1,12206,"48",NA
"162",162,"vaccine","both","DENV4","all","4.5",3,12204,"54",NA
"163",163,"placebo","seropositive","DENV4","all","1.5",1,4585,"18",NA
"164",164,"placebo","seropositive","DENV4","all","1",4,4587,"12",NA
"165",165,"placebo","seropositive","DENV4","all","2",2,4547,"24",NA
"166",166,"placebo","seropositive","DENV4","all","3",6,4495,"36",NA
"167",167,"placebo","seropositive","DENV4","all","4",3,4412,"48",NA
"168",168,"placebo","seropositive","DENV4","all","4.5",1,4409,"54",NA
"169",169,"placebo","seronegative","DENV4","all","1.5",0,1726,"18",NA
"170",170,"placebo","seronegative","DENV4","all","1",0,1726,"12",NA
"171",171,"placebo","seronegative","DENV4","all","2",1,1715,"24",NA
"172",172,"placebo","seronegative","DENV4","all","3",1,1697,"36",NA
"173",173,"placebo","seronegative","DENV4","all","4",0,1675,"48",NA
"174",174,"placebo","seronegative","DENV4","all","4.5",0,1674,"54",NA
"175",175,"placebo","both","DENV4","all","1.5",1,6311,"18",NA
"176",176,"placebo","both","DENV4","all","1",4,6313,"12",NA
"177",177,"placebo","both","DENV4","all","2",3,6262,"24",NA
"178",178,"placebo","both","DENV4","all","3",7,6192,"36",NA
"179",179,"placebo","both","DENV4","all","4",3,6087,"48",NA
"180",180,"placebo","both","DENV4","all","4.5",1,6083,"54",NA
"181",181,"vaccine","seropositive","all","4-5yrs","1.5",11,950,"18",NA
"182",182,"vaccine","seropositive","all","4-5yrs","1",7,957,"12",NA
"183",183,"vaccine","seropositive","all","4-5yrs","2",4,930,"24",NA
"184",184,"vaccine","seropositive","all","4-5yrs","3",34,919,"36",NA
"185",185,"vaccine","seronegative","all","4-5yrs","1.5",8,656,"18",NA
"186",186,"vaccine","seronegative","all","4-5yrs","1",6,662,"12",NA
"187",187,"vaccine","seronegative","all","4-5yrs","2",7,641,"24",NA
"188",188,"vaccine","seronegative","all","4-5yrs","3",17,631,"36",NA
"189",189,"placebo","seropositive","all","4-5yrs","1.5",8,446,"18",NA
"190",190,"placebo","seropositive","all","4-5yrs","1",18,464,"12",NA
"191",191,"placebo","seropositive","all","4-5yrs","2",5,435,"24",NA
"192",192,"placebo","seropositive","all","4-5yrs","3",16,426,"36",NA
"193",193,"placebo","seronegative","all","4-5yrs","1.5",4,332,"18",NA
"194",194,"placebo","seronegative","all","4-5yrs","1",5,337,"12",NA
"195",195,"placebo","seronegative","all","4-5yrs","2",2,325,"24",NA
"196",196,"placebo","seronegative","all","4-5yrs","3",16,320,"36",NA
"197",197,"vaccine","seropositive","all","6-11yrs","1.5",18,4785,"18",NA
"198",198,"vaccine","seropositive","all","6-11yrs","1",22,4806,"12",NA
"199",199,"vaccine","seropositive","all","6-11yrs","2",21,4735,"24",NA
"200",200,"vaccine","seropositive","all","6-11yrs","3",75,4682,"36",NA
"201",201,"vaccine","seronegative","all","6-11yrs","1.5",10,2188,"18",NA
"202",202,"vaccine","seronegative","all","6-11yrs","1",12,2200,"12",NA
"203",203,"vaccine","seronegative","all","6-11yrs","2",6,2162,"24",NA
"204",204,"vaccine","seronegative","all","6-11yrs","3",40,2137,"36",NA
"205",205,"placebo","seropositive","all","6-11yrs","1.5",22,2367,"18",NA
"206",206,"placebo","seropositive","all","6-11yrs","1",58,2423,"12",NA
"207",207,"placebo","seropositive","all","6-11yrs","2",26,2335,"24",NA
"208",208,"placebo","seropositive","all","6-11yrs","3",75,2295,"36",NA
"209",209,"placebo","seronegative","all","6-11yrs","1.5",10,1038,"18",NA
"210",210,"placebo","seronegative","all","6-11yrs","1",27,1065,"12",NA
"211",211,"placebo","seronegative","all","6-11yrs","2",9,1023,"24",NA
"212",212,"placebo","seronegative","all","6-11yrs","3",27,1005,"36",NA
"213",213,"vaccine","seropositive","all","12-16yrs","1.5",5,3391,"18",NA
"214",214,"vaccine","seropositive","all","12-16yrs","1",12,3402,"12",NA
"215",215,"vaccine","seropositive","all","12-16yrs","2",5,3337,"24",NA
"216",216,"vaccine","seropositive","all","12-16yrs","3",30,3262,"36",NA
"217",217,"vaccine","seronegative","all","12-16yrs","1.5",1,667,"18",NA
"218",218,"vaccine","seronegative","all","12-16yrs","1",2,669,"12",NA
"219",219,"vaccine","seronegative","all","12-16yrs","2",1,656,"24",NA
"220",220,"vaccine","seronegative","all","12-16yrs","3",12,644,"36",NA
"221",221,"placebo","seropositive","all","12-16yrs","1.5",10,1666,"18",NA
"222",222,"placebo","seropositive","all","12-16yrs","1",34,1700,"12",NA
"223",223,"placebo","seropositive","all","12-16yrs","2",6,1632,"24",NA
"224",224,"placebo","seropositive","all","12-16yrs","3",37,1594,"36",NA
"225",225,"placebo","seronegative","all","12-16yrs","1.5",3,317,"18",NA
"226",226,"placebo","seronegative","all","12-16yrs","1",7,324,"12",NA
"227",227,"placebo","seronegative","all","12-16yrs","2",1,311,"24",NA
"228",228,"placebo","seronegative","all","12-16yrs","3",8,305,"36",NA
"229",229,"both","both","DENV1","12-16yrs","1",9,NA,"12","VCD"
"230",230,"both","both","DENV2","12-16yrs","1",22,NA,"12","VCD"
"231",231,"both","both","DENV3","12-16yrs","1",23,NA,"12","VCD"
"232",232,"both","both","DENV4","12-16yrs","1",1,NA,"12","VCD"
"233",233,"both","both","DENV1","4-5yrs","1",5,NA,"12","VCD"
"234",234,"both","both","DENV2","4-5yrs","1",4,NA,"12","VCD"
"235",235,"both","both","DENV3","4-5yrs","1",25,NA,"12","VCD"
"236",236,"both","both","DENV4","4-5yrs","1",2,NA,"12","VCD"
"237",237,"both","both","DENV1","6-11yrs","1",32,NA,"12","VCD"
"238",238,"both","both","DENV2","6-11yrs","1",41,NA,"12","VCD"
"239",239,"both","both","DENV3","6-11yrs","1",42,NA,"12","VCD"
"240",240,"both","both","DENV4","6-11yrs","1",4,NA,"12","VCD"
"241",241,"both","both","DENV1","12-16yrs","2",16,NA,"24","VCD"
"242",242,"both","both","DENV2","12-16yrs","2",5,NA,"24","VCD"
"243",243,"both","both","DENV3","12-16yrs","2",10,NA,"24","VCD"
"244",244,"both","both","DENV4","12-16yrs","2",1,NA,"24","VCD"
"245",245,"both","both","DENV1","4-5yrs","2",19,NA,"24","VCD"
"246",246,"both","both","DENV2","4-5yrs","2",5,NA,"24","VCD"
"247",247,"both","both","DENV3","4-5yrs","2",21,NA,"24","VCD"
"248",248,"both","both","DENV4","4-5yrs","2",4,NA,"24","VCD"
"249",249,"both","both","DENV1","6-11yrs","2",55,NA,"24","VCD"
"250",250,"both","both","DENV2","6-11yrs","2",32,NA,"24","VCD"
"251",251,"both","both","DENV3","6-11yrs","2",32,NA,"24","VCD"
"252",252,"both","both","DENV4","6-11yrs","2",4,NA,"24","VCD"
"253",253,"placebo","seropositive","DENV1","4-5yrs","all",21,491,"all","VCD"
"254",254,"placebo","seropositive","DENV2","4-5yrs","all",13,491,"all","VCD"
"255",255,"placebo","seropositive","DENV3","4-5yrs","all",26,491,"all","VCD"
"256",256,"placebo","seropositive","DENV4","4-5yrs","all",3,491,"all","VCD"
"257",257,"vaccine","seropositive","DENV1","4-5yrs","all",25,1006,"all","VCD"
"258",258,"vaccine","seropositive","DENV2","4-5yrs","all",7,1006,"all","VCD"
"259",259,"vaccine","seropositive","DENV3","4-5yrs","all",24,1006,"all","VCD"
"260",260,"vaccine","seropositive","DENV4","4-5yrs","all",3,1006,"all","VCD"
"261",261,"placebo","seropositive","DENV1","6-11yrs","all",88,2568,"all","VCD"
"262",262,"placebo","seropositive","DENV2","6-11yrs","all",80,2568,"all","VCD"
"263",263,"placebo","seropositive","DENV3","6-11yrs","all",47,2568,"all","VCD"
"264",264,"placebo","seropositive","DENV4","6-11yrs","all",14,2568,"all","VCD"
"265",265,"vaccine","seropositive","DENV1","6-11yrs","all",92,5069,"all","VCD"
"266",266,"vaccine","seropositive","DENV2","6-11yrs","all",27,5069,"all","VCD"
"267",267,"vaccine","seropositive","DENV3","6-11yrs","all",41,5069,"all","VCD"
"268",268,"vaccine","seropositive","DENV4","6-11yrs","all",5,5069,"all","VCD"
"269",269,"placebo","seropositive","DENV1","12-16yrs","all",42,1795,"all","VCD"
"270",270,"placebo","seropositive","DENV2","12-16yrs","all",42,1795,"all","VCD"
"271",271,"placebo","seropositive","DENV3","12-16yrs","all",24,1795,"all","VCD"
"272",272,"placebo","seropositive","DENV4","12-16yrs","all",3,1795,"all","VCD"
"273",273,"vaccine","seropositive","DENV1","12-16yrs","all",16,3588,"all","VCD"
"274",274,"vaccine","seropositive","DENV2","12-16yrs","all",20,3588,"all","VCD"
"275",275,"vaccine","seropositive","DENV3","12-16yrs","all",31,3588,"all","VCD"
"276",276,"vaccine","seropositive","DENV4","12-16yrs","all",4,3588,"all","VCD"
"277",277,"placebo","seronegative","DENV1","4-5yrs","all",11,355,"all","VCD"
"278",278,"placebo","seronegative","DENV2","4-5yrs","all",12,355,"all","VCD"
"279",279,"placebo","seronegative","DENV3","4-5yrs","all",8,355,"all","VCD"
"280",280,"placebo","seronegative","DENV4","4-5yrs","all",2,355,"all","VCD"
"281",281,"vaccine","seronegative","DENV1","4-5yrs","all",20,696,"all","VCD"
"282",282,"vaccine","seronegative","DENV2","4-5yrs","all",6,696,"all","VCD"
"283",283,"vaccine","seronegative","DENV3","4-5yrs","all",18,696,"all","VCD"
"284",284,"vaccine","seronegative","DENV4","4-5yrs","all",5,696,"all","VCD"
"285",285,"placebo","seronegative","DENV1","6-11yrs","all",50,1128,"all","VCD"
"286",286,"placebo","seronegative","DENV2","6-11yrs","all",40,1128,"all","VCD"
"287",287,"placebo","seronegative","DENV3","6-11yrs","all",7,1128,"all","VCD"
"288",288,"placebo","seronegative","DENV4","6-11yrs","all",1,1128,"all","VCD"
"289",289,"vaccine","seronegative","DENV1","6-11yrs","all",52,2315,"all","VCD"
"290",290,"vaccine","seronegative","DENV2","6-11yrs","all",8,2315,"all","VCD"
"291",291,"vaccine","seronegative","DENV3","6-11yrs","all",17,2315,"all","VCD"
"292",292,"vaccine","seronegative","DENV4","6-11yrs","all",6,2315,"all","VCD"
"293",293,"placebo","seronegative","DENV1","12-16yrs","all",18,349,"all","VCD"
"294",294,"placebo","seronegative","DENV2","12-16yrs","all",6,349,"all","VCD"
"295",295,"placebo","seronegative","DENV3","12-16yrs","all",1,349,"all","VCD"
"296",296,"placebo","seronegative","DENV4","12-16yrs","all",0,349,"all","VCD"
"297",297,"vaccine","seronegative","DENV1","12-16yrs","all",17,703,"all","VCD"
"298",298,"vaccine","seronegative","DENV2","12-16yrs","all",0,703,"all","VCD"
"299",299,"vaccine","seronegative","DENV3","12-16yrs","all",1,703,"all","VCD"
"300",300,"vaccine","seronegative","DENV4","12-16yrs","all",1,703,"all","VCD"
"301",301,"placebo","seronegative","all","4-5yrs","4",2,300,"48","VCD"
"302",302,"placebo","seronegative","all","6-11yrs","4",8,972,"48","VCD"
"303",303,"placebo","seronegative","all","12-16yrs","4",3,286,"48","VCD"
"304",304,"vaccine","seronegative","all","4-5yrs","4",2,606,"48","VCD"
"305",305,"vaccine","seronegative","all","6-11yrs","4",7,2065,"48","VCD"
"306",306,"vaccine","seronegative","all","12-16yrs","4",2,610,"48","VCD"
"307",307,"placebo","seropositive","all","4-5yrs","4",6,407,"48","VCD"
"308",308,"placebo","seropositive","all","6-11yrs","4",16,2200,"48","VCD"
"309",309,"placebo","seropositive","all","12-16yrs","4",7,1503,"48","VCD"
"310",310,"vaccine","seropositive","all","4-5yrs","4",1,880,"48","VCD"
"311",311,"vaccine","seropositive","all","6-11yrs","4",14,4569,"48","VCD"
"312",312,"vaccine","seropositive","all","12-16yrs","4",7,3127,"48","VCD"
"313",313,"placebo","seronegative","all","4-5yrs","4.5",1,298,"54","VCD"
"314",314,"placebo","seronegative","all","6-11yrs","4.5",1,963,"54","VCD"
"315",315,"placebo","seronegative","all","12-16yrs","4.5",2,283,"54","VCD"
"316",316,"vaccine","seronegative","all","4-5yrs","4.5",6,604,"54","VCD"
"317",317,"vaccine","seronegative","all","6-11yrs","4.5",2,2057,"54","VCD"
"318",318,"vaccine","seronegative","all","12-16yrs","4.5",0,608,"54","VCD"
"319",319,"placebo","seropositive","all","4-5yrs","4.5",0,401,"54","VCD"
"320",320,"placebo","seropositive","all","6-11yrs","4.5",5,2184,"54","VCD"
"321",321,"placebo","seropositive","all","12-16yrs","4.5",1,1496,"54","VCD"
"322",322,"vaccine","seropositive","all","4-5yrs","4.5",0,879,"54","VCD"
"323",323,"vaccine","seropositive","all","6-11yrs","4.5",5,4555,"54","VCD"
"324",324,"vaccine","seropositive","all","12-16yrs","4.5",3,3120,"54","VCD"
