"","month","serostatus","trial","serotype","mean","lower","upper","year","N","avg_titre","lower_titre","upper_titre","sd_titre","SE_titre"
"1",36,"SN","TAK","DENV-2",313.8034386,272.9150647,356.9441899,3,702,2.49665769819554,2.43602750905028,2.55260031719556,0.787915687542432,0.0297379612615515
"2",36,"SN","TAK","DENV-1",82.01558713,69.07266931,95.31533687,3,702,1.91389639825252,1.83930623961992,1.97916278712421,0.945290497307253,0.0356776906898709
"3",36,"SN","TAK","DENV-3",53.38521567,49.52081769,57.55117515,3,702,1.72742100156176,1.69478780716156,1.76005419601012,0.441135565499418,0.0166495889919793
"4",36,"SN","TAK","DENV-4",55.72736921,47.95149506,62.71180129,3,702,1.74606854126994,1.68080215240733,1.79734927532602,0.787742081078852,0.0297314089078285
"5",36,"SN","Placebo","DENV-1",12.66859413,10.11180858,16.74701582,3,345,1.10272842266088,1.00482883967282,1.22393743057468,1.03820445088837,0.0558950486994534
"6",36,"SN","Placebo","DENV-2",14.41108657,11.37914348,18.64584051,3,345,1.15869672707109,1.0561095734906,1.27058196509757,1.0162367009095,0.0547123447976972
"7",36,"SN","Placebo","DENV-3",10.25433823,8.405749357,12.05220761,3,345,1.01090763814827,0.924576436050729,1.08106660417464,0.741498945330181,0.0399209612560986
"8",36,"SN","Placebo","DENV-4",10.00267684,8.098215614,12.05220761,3,345,1.00011623812724,0.908389335623779,1.08106660417464,0.81819844689269,0.0440503236099124
"9",48,"SN","TAK","DENV-2",236.2200783,209.9114241,263.0033883,4,702,2.37331680912973,2.32203607502156,2.41996134358677,0.661876955157299,0.0249809358584721
"10",48,"SN","TAK","DENV-1",74.1025645,65.14642963,87.04854409,4,702,1.86983323805931,1.8138906190589,1.93976151182363,0.850761447649968,0.0321099216236556
"11",48,"SN","TAK","DENV-3",57.88742078,52.55659678,65.14642963,4,702,1.76258419966237,1.72062723540411,1.8138906190589,0.630367271956915,0.0237916795037732
"12",48,"SN","TAK","DENV-4",46.70594748,41.05857593,52.55970521,4,702,1.66937218663213,1.61340388228572,1.72065292074447,0.724896322049474,0.0273594485864168
"13",48,"SN","Placebo","DENV-1",15.62643555,11.82091018,20.00127094,4,345,1.19385992507566,1.07265091740252,1.30105759289857,1.08226165910048,0.0582670090551141
"14",48,"SN","Placebo","DENV-2",14.80984457,12.20777657,18.95718523,4,345,1.17055050060456,1.08663657210949,1.27777385358072,0.905667712696008,0.0487595105793945
"15",48,"SN","Placebo","DENV-3",11.65945016,9.439547326,13.87356726,4,345,1.06667807031079,0.974951168182173,1.14218814399621,0.79242065283063,0.0426624938301128
"16",48,"SN","Placebo","DENV-4",10.68828854,9.150860142,12.48359174,4,345,1.02890816946141,0.96146191782245,1.09633955717654,0.639092081813674,0.0344075610597159
"17",36,"SP","TAK","DENV-2",1385.043504,1266.015505,1549.686688,3,1816,3.14146341473651,3.10243902455551,3.19024390241099,0.954532012701838,0.0223992035345617
"18",36,"SP","TAK","DENV-1",1071.558929,961.5391636,1172.799109,3,1816,3.03001605949898,2.98296697779861,3.06922362735458,0.937701131423348,0.0220042473357058
"19",36,"SP","TAK","DENV-3",658.1050028,599.0624898,723.027075,3,1816,2.81829519224381,2.7774721271636,2.85915456050744,0.887974556839704,0.0208373554448589
"20",36,"SP","TAK","DENV-4",539.6261629,486.086845,605.3548694,3,1816,2.73209299757446,2.68671386789368,2.78201004017335,1.03597031680413,0.0243102480305272
"21",36,"SP","Placebo","DENV-1",583.6162084,517.5369305,658.1325093,3,902,2.76612734477202,2.71394134570403,2.8183133438632,0.799652316507634,0.0266255097344796
"22",36,"SP","Placebo","DENV-2",586.6732699,506.8337418,682.6467693,3,902,2.76839630127345,2.70486551976657,2.83419603922112,0.990873522601914,0.0329924794526917
"23",36,"SP","Placebo","DENV-3",335.4424008,273.607914,396.4829948,3,902,2.5256179577024,2.43712865502477,2.59822456511416,1.23424596591934,0.0410958954309661
"24",36,"SP","Placebo","DENV-4",276.4818125,235.1413011,323.3964605,3,902,2.44166656786249,2.37132891693646,2.50973526234301,1.06040850683855,0.0353077411751426
"25",48,"SP","TAK","DENV-2",1172.799109,1042.926707,1295.245083,4,1816,3.06922362735458,3.01825378890217,3.11235195229672,1.02294669146267,0.0240046335190186
"26",48,"SP","TAK","DENV-1",1005.936952,910.8407181,1091.082457,4,1816,3.00257076177701,2.95944243701872,3.03785757301446,0.852455574410008,0.0200038612234013
"27",48,"SP","TAK","DENV-3",658.1325093,583.6162084,742.1630749,4,1816,2.8183133438632,2.76612734477202,2.87049934294446,1.13463415607987,0.0266255097378671
"28",48,"SP","TAK","DENV-4",468.6311713,419.93598,514.8401275,4,1816,2.67083117259501,2.62318308646463,2.71167238918933,0.961972435875517,0.0225738017154847
"29",48,"SP","Placebo","DENV-1",614.9175804,536.8142564,689.817094,4,902,2.78881690963526,2.7298240410537,2.83873395219126,0.834419808644292,0.0277831405963158
"30",48,"SP","Placebo","DENV-2",562.658196,496.3519059,651.291531,4,902,2.75024464943345,2.69578969382965,2.8137754309088,0.903954792801135,0.0300984023161101
"31",48,"SP","Placebo","DENV-3",388.2833243,331.9556346,447.1060682,4,902,2.58914873919399,2.52108004474049,2.65041056422699,0.990873522846698,0.0329924794608421
"32",48,"SP","Placebo","DENV-4",275.0411096,233.9160171,325.0904554,4,902,2.43939761142335,2.36905996058634,2.51200421887182,1.09517599821305,0.0364653720116017
"33",-3,"SP","TAK","DENV-1",411,366,462,-0.25,1816,2.61384182187607,2.56348108539441,2.66464197555613,1.09972601125534,0.0258063495310498
"34",-3,"SP","Placebo","DENV-1",445,378,525,-0.25,902,2.64836001098093,2.57749179983723,2.72015930340596,1.09305562537115,0.0363947713185539
"35",-3,"SN","TAK","DENV-1",5,5,5,-0.25,702,0.698970004336019,0.698970004336019,0.698970004336019,0,0
"36",-3,"SN","Placebo","DENV-1",5,5,5,-0.25,345,0.698970004336019,0.698970004336019,0.698970004336019,0,0
"37",-2,"SP","TAK","DENV-1",2404,2204,2622,-0.166666666666667,1816,3.3809344633307,3.34321159017975,3.41863268735407,0.819907201562014,0.019240075809775
"38",-2,"SP","Placebo","DENV-1",430,361,512,-0.166666666666667,902,2.63346845557959,2.55750720190566,2.70926996097583,1.16273947026474,0.0387149895587176
"39",-2,"SN","TAK","DENV-1",118,106,131,-0.166666666666667,702,2.07188200730613,2.02530586526477,2.11727129565576,0.621594404986361,0.0234605689772944
"40",-2,"SN","Placebo","DENV-1",5.8,5.3,6.3,-0.166666666666667,345,0.763427993562937,0.724275869600789,0.799340549453582,0.355679731255208,0.0191491530236716
"41",0,"SP","TAK","DENV-1",1947,1793,2114,0,1816,3.28936595152003,3.25358028956218,3.32510498297141,0.777549166119892,0.0182460952574552
"42",0,"SP","Placebo","DENV-1",410,350,482,0,902,2.61278385671974,2.54406804435028,2.68304703823885,1.06479588748915,0.035453824971575
"43",0,"SN","TAK","DENV-1",91,82,102,0,702,1.95904139232109,1.91381385238372,2.00860017176192,0.640660795521158,0.0241801835148471
"44",0,"SN","Placebo","DENV-1",5.9,5.4,6.3,0,345,0.770852011642144,0.732393759822969,0.799340549453582,0.317214649964694,0.0170782626608707
"45",1,"SP","TAK","DENV-1",2115,1957,2286,0.0833333333333333,1816,3.32531037171106,3.291590825658,3.35907622605926,0.733637773279857,0.0172156633676687
"46",1,"SP","Placebo","DENV-1",454,383,536,0.0833333333333333,902,2.6570558528571,2.58319877396862,2.72916478969277,1.11832737385377,0.037236228501058
"47",1,"SN","TAK","DENV-1",184,169,201,0.0833333333333333,702,2.26481782300954,2.22788670461367,2.30319605742049,0.50901596555182,0.0192115695935754
"48",1,"SN","Placebo","DENV-1",6.3,5.7,7,0.0833333333333333,345,0.799340549453582,0.755874855672491,0.845098040014257,0.422767116180971,0.0227610164137157
"49",6,"SP","TAK","DENV-1",1446,1328,1573,0.5,1816,3.16016829295851,3.123198075032,3.19672872262329,0.799356012499706,0.0187578182630837
"50",6,"SP","Placebo","DENV-1",415,350,492,0.5,902,2.61804809671209,2.54406804435028,2.69196510276736,1.13312217312864,0.0377288414329297
"51",6,"SN","TAK","DENV-1",88,79,98,0.5,702,1.94448267215017,1.89762709129044,1.9912260756925,0.632635597630168,0.0238772919392994
"52",6,"SN","Placebo","DENV-1",6.3,5.8,6.9,0.5,345,0.799340549453582,0.763427993562937,0.838849090737255,0.357368547052244,0.019240075809775
"53",12,"SP","TAK","DENV-1",1250,1145,1365,1,1816,3.09691001300806,3.05880548667591,3.13513265137677,0.829757115153207,0.0194712154849153
"54",12,"SP","Placebo","DENV-1",453,382,537,1,902,2.65609820201283,2.58206336291171,2.72997428569956,1.13322839583581,0.0377323782622058
"55",12,"SN","TAK","DENV-1",77,69,87,1,702,1.88649072517248,1.83884909073726,1.93951925261862,0.680429690901056,0.0256811637452457
"56",12,"SN","Placebo","DENV-1",6.9,6.1,7.8,1,345,0.838849090737255,0.785329835010767,0.89209460269048,0.505884577810963,0.0272359101223758
"57",24,"SP","TAK","DENV-1",1137,1035,1249,2,1816,3.05576046468773,3.01494034979294,3.09656243837414,0.887318545361151,0.0208219613727549
"58",24,"SP","Placebo","DENV-1",491,411,588,2,902,2.69108149212297,2.61384182187607,2.76937732607614,1.1916445830912,0.039677424540834
"59",24,"SN","TAK","DENV-1",73,63,84,2,702,1.86332286012046,1.79934054945358,1.92427928606188,0.844461003570632,0.0318721266857908
"60",24,"SN","Placebo","DENV-1",8.7,7.2,11,2,345,0.939519252618618,0.857332496431269,1.04139268515823,0.87213425261483,0.0469541297772849
"61",-3,"SP","TAK","DENV-2",753,681,833,-0.25,1816,2.8767949762007,2.83314711191279,2.92064500140679,0.951194724094235,0.0223208901770414
"62",-3,"SP","Placebo","DENV-2",805,699,927,-0.25,902,2.90579588036787,2.84447717574568,2.9670797341445,0.939326845921566,0.0312761628568407
"63",-3,"SN","TAK","DENV-2",5,5,5,-0.25,702,0.698970004336019,0.698970004336019,0.698970004336019,0,0
"64",-3,"SN","Placebo","DENV-2",5,5,5,-0.25,345,0.698970004336019,0.698970004336019,0.698970004336019,0,0
"65",-2,"SP","TAK","DENV-2",6696,6300,7116,-0.166666666666667,1816,3.8258154449852,3.79934054945358,3.85223593941189,0.57502890810522,0.0134937219281392
"66",-2,"SP","Placebo","DENV-2",746,638,873,-0.166666666666667,902,2.87273882747267,2.80482067872116,2.94101424370557,1.04345515707324,0.0347432563735733
"67",-2,"SN","TAK","DENV-2",6277,5648,6977,-0.166666666666667,702,3.79775212865071,3.75189468804375,3.84366872297914,0.62030076297508,0.0234117436059685
"68",-2,"SN","Placebo","DENV-2",6.6,6,7.3,-0.166666666666667,345,0.819543935541869,0.778151250383644,0.863322860120456,0.403569499279438,0.0217274514634725
"69",0,"SP","TAK","DENV-2",4826,4571,5095,0,1816,3.68358731757277,3.66001122128933,3.70714418834245,0.512385268388707,0.0120237160849782
"70",0,"SP","Placebo","DENV-2",725,625,840,0,902,2.86033800657099,2.79588001734408,2.92427928606188,0.983738689293922,0.0327549154892363
"71",0,"SN","TAK","DENV-2",1682,1543,1833,0,702,3.22582599146189,3.18836592606315,3.26316246496222,0.505549856009359,0.0190807497191501
"72",0,"SN","Placebo","DENV-2",7.1,6.3,8,0,345,0.851258348719075,0.799340549453582,0.903089986991944,0.491597008525051,0.0264666932495821
"73",1,"SP","TAK","DENV-2",4897,4646,5163,0.0833333333333333,1816,3.68993010401822,3.66707920546422,3.71290212504722,0.498143664973055,0.0116895203017872
"74",1,"SP","Placebo","DENV-2",767,656,897,0.0833333333333333,902,2.88479536394898,2.81690383937566,2.95279244304409,1.04111867768158,0.0346654601194979
"75",1,"SN","TAK","DENV-2",1730,1614,1855,0.0833333333333333,702,3.2380461031288,3.20790353038605,3.26834391395106,0.408516592588263,0.0154184651951565
"76",1,"SN","Placebo","DENV-2",7.8,6.8,8.9,0.0833333333333333,345,0.89209460269048,0.832508912706236,0.949390006644913,0.553818868773561,0.0298166055966012
"77",6,"SP","TAK","DENV-2",3691,3496,3898,0.5,1816,3.56714404519566,3.54357142396237,3.5908418347816,0.513879427687313,0.0120587782702136
"78",6,"SP","Placebo","DENV-2",778,667,907,0.5,902,2.89097959698969,2.82412583391655,2.9576072870601,1.02267614973005,0.0340513911080474
"79",6,"SN","TAK","DENV-2",929,855,1009,0.5,702,2.96801571399364,2.93196611472817,3.00389116623691,0.486141470834298,0.0183482274256983
"80",6,"SN","Placebo","DENV-2",8.9,7.5,10,0.5,345,0.949390006644913,0.8750612633917,1,0.591998478476853,0.0318721266857908
"81",12,"SP","TAK","DENV-2",2999,2836,3170,1,1816,3.47697646575953,3.45270622651103,3.50105926221775,0.525648706776262,0.0123349580884496
"82",12,"SP","Placebo","DENV-2",745,636,873,1,902,2.87215627274829,2.80345711564841,2.94101424370557,1.05390217724205,0.0350911040962132
"83",12,"SN","TAK","DENV-2",656,601,717,1,702,2.81690383937566,2.77887447200274,2.8555191556678,0.518041467708029,0.0195522152206787
"84",12,"SN","Placebo","DENV-2",8.5,7.2,10,1,345,0.929418925714293,0.857332496431269,1,0.676002874157199,0.0363947713185539
"85",24,"SP","TAK","DENV-2",1657,1550,1771,2,1816,3.21932250841934,3.19033169817029,3.24821856119007,0.629291506540372,0.0147670568928019
"86",24,"SP","Placebo","DENV-2",561,479,657,2,902,2.74896286125616,2.68033551341456,2.81756536955978,1.05139476388286,0.0350076163635759
"87",24,"SN","TAK","DENV-2",356,320,397,2,702,2.55144999797288,2.50514997831991,2.59879050676312,0.632916393831885,0.023887889908982
"88",24,"SN","Placebo","DENV-2",9.8,7.9,12,2,345,0.991226075692495,0.897627091290441,1.07918124604762,0.860259886526366,0.0463148353972407
"89",-3,"SP","TAK","DENV-3",358,321,398,-0.25,1816,2.55388302664387,2.50650503240487,2.59988307207369,1.01511818391149,0.0238209284869428
"90",-3,"SP","Placebo","DENV-3",356,305,416,-0.25,902,2.55144999797288,2.48429983934679,2.61909333062674,1.0327284085124,0.0343860947142747
"91",-3,"SN","TAK","DENV-3",5,5,5,-0.25,702,0.698970004336019,0.698970004336019,0.698970004336019,0,0
"92",-3,"SN","Placebo","DENV-3",5,5,5,-0.25,345,0.698970004336019,0.698970004336019,0.698970004336019,0,0
"93",-2,"SP","TAK","DENV-3",2254,2093,2428,-0.166666666666667,1816,3.35295391171009,3.32076922833869,3.38524868240322,0.700959953129669,0.0164488403225851
"94",-2,"SP","Placebo","DENV-3",350,299,410,-0.166666666666667,902,2.54406804435028,2.47567118832443,2.61278385671974,1.05049692291655,0.0349777215294148
"95",-2,"SN","TAK","DENV-3",195,174,218,-0.166666666666667,702,2.29003461136252,2.2405492482826,2.3384564936046,0.661755136044521,0.0249763380923481
"96",-2,"SN","Placebo","DENV-3",5.5,5.2,5.9,-0.166666666666667,345,0.740362689494244,0.716003343634799,0.770852011642144,0.259889997996612,0.0139920071447309
"97",0,"SP","TAK","DENV-3",1563,1453,1682,0,1816,3.19395897801919,3.16226561429802,3.22582599146189,0.690968613864211,0.0162143819295592
"98",0,"SP","Placebo","DENV-3",322,277,374,0,902,2.50785587169583,2.44247976906445,2.57287160220048,0.999004840952673,0.0332632227387836
"99",0,"SN","TAK","DENV-3",94,85,104,0,702,1.9731278535997,1.92941892571429,2.01703333929878,0.592185879506434,0.0223506157103285
"100",0,"SN","Placebo","DENV-3",5.5,5.1,5.9,0,345,0.740362689494244,0.707570176097936,0.770852011642144,0.299848960973924,0.0161433253939306
"101",1,"SP","TAK","DENV-3",1761,1646,1884,0.0833333333333333,1816,3.24575935596728,3.21642983087625,3.27508089845686,0.637599219453087,0.0149620070358693
"102",1,"SP","Placebo","DENV-3",354,302,415,0.0833333333333333,902,2.54900326202579,2.48000694295715,2.61804809671209,1.05761056912215,0.035214580039526
"103",1,"SN","TAK","DENV-3",228,212,246,0.0833333333333333,702,2.35793484700045,2.32633586092875,2.39093510710338,0.436626347723999,0.0164793995343439
"104",1,"SN","Placebo","DENV-3",6,5.4,6.6,0.0833333333333333,345,0.778151250383644,0.732393759822969,0.819543935541869,0.412944558470522,0.0222321876833929
"105",6,"SP","TAK","DENV-3",1088,1008,1174,0.5,1816,3.03662889536216,3.00346053210951,3.0696680969116,0.719746347015502,0.0168896848984921
"106",6,"SP","Placebo","DENV-3",308,262,361,0.5,902,2.48855071650044,2.41830129131975,2.55750720190566,1.0665344233597,0.0355117118841613
"107",6,"SN","TAK","DENV-3",72,66,78,0.5,702,1.85733249643127,1.81954393554187,1.89209460269048,0.490370007358994,0.0185078232521968
"108",6,"SN","Placebo","DENV-3",6.4,5.7,7.1,0.5,345,0.806179973983887,0.755874855672491,0.851258348719075,0.451956569181714,0.0243325237363734
"109",12,"SP","TAK","DENV-3",803,742,870,1,1816,2.90471554527868,2.87040390527903,2.93951925261862,0.751357022707006,0.0176314661580591
"110",12,"SP","Placebo","DENV-3",284,242,333,1,902,2.45331834004704,2.38381536598043,2.52244423350632,1.06211337338642,0.0353645070219104
"111",12,"SN","TAK","DENV-3",54,49,59,1,702,1.73239375982297,1.69019608002851,1.77085201164214,0.545153495251896,0.0205754927585792
"112",12,"SN","Placebo","DENV-3",6.3,5.8,6.9,1,345,0.799340549453582,0.763427993562937,0.838849090737255,0.357368547052244,0.019240075809775
"113",24,"SP","TAK","DENV-3",725,666,791,2,1816,2.86033800657099,2.8234742291703,2.89817648349768,0.812092618519855,0.0190566975324937
"114",24,"SP","Placebo","DENV-3",309,262,364,2,902,2.48995847942483,2.41830129131975,2.56110138364906,1.09407146210332,0.036428594981967
"115",24,"SN","TAK","DENV-3",55,48,62,2,702,1.74036268949424,1.68124123737559,1.79239168949825,0.751265979590522,0.0283547071741497
"116",24,"SN","Placebo","DENV-3",7.6,6.6,8.8,2,345,0.880813592280791,0.819543935541869,0.944482672150169,0.591998478476853,0.0318721266857908
"117",-3,"SP","TAK","DENV-4",218,198,241,-0.25,1816,2.3384564936046,2.29666519026153,2.38201704257487,0.927865027163677,0.0217734317125861
"118",-3,"SP","Placebo","DENV-4",234,203,270,-0.25,902,2.36921585741014,2.30749603791321,2.43136376415899,0.949020005173425,0.0315989097565751
"119",-3,"SN","TAK","DENV-4",5,5,5,-0.25,702,0.698970004336019,0.698970004336019,0.698970004336019,0,0
"120",-3,"SN","Placebo","DENV-4",5,5,5,-0.25,345,0.698970004336019,0.698970004336019,0.698970004336019,0,0
"121",-2,"SP","TAK","DENV-4",1306,1224,1393,-0.166666666666667,1816,3.11594317693906,3.08778141780954,3.14395111642396,0.610624110878274,0.0143290047485768
"122",-2,"SP","Placebo","DENV-4",222,192,258,-0.166666666666667,902,2.34635297445064,2.28330122870355,2.41161970596323,0.983119700697519,0.0327343054233879
"123",-2,"SN","TAK","DENV-4",111,98,126,-0.166666666666667,702,2.04532297878666,1.9912260756925,2.10037054511756,0.737707541207474,0.02784297689415
"124",-2,"SN","Placebo","DENV-4",5.4,5,5.7,-0.166666666666667,345,0.732393759822969,0.698970004336019,0.755874855672491,0.269632832247684,0.0145165437082838
"125",0,"SP","TAK","DENV-4",1002,940,1069,0,1816,3.00086772153123,2.9731278535997,3.02897770520878,0.607147035193842,0.0142474111247651
"126",0,"SP","Placebo","DENV-4",215,187,248,0,902,2.33243845991561,2.2718416065365,2.39445168082622,0.939384429369963,0.0312780801759483
"127",0,"SN","TAK","DENV-4",63,57,70,0,702,1.79934054945358,1.75587485567249,1.84509804001426,0.6030595621215,0.0227610164137157
"128",0,"SN","Placebo","DENV-4",5.5,5.1,5.9,0,345,0.740362689494244,0.707570176097936,0.770852011642144,0.299848960973924,0.0161433253939306
"129",1,"SP","TAK","DENV-4",1129,1066,1196,0.0833333333333333,1816,3.05269394192497,3.02775720469055,3.07773117965239,0.543270033147216,0.012748463000469
"130",1,"SP","Placebo","DENV-4",242,208,280,0.0833333333333333,902,2.38381536598043,2.31806333496276,2.44715803134222,0.989066749984638,0.0329323205049638
"131",1,"SN","TAK","DENV-4",144,134,155,0.0833333333333333,702,2.15836249209525,2.12710479836481,2.19033169817029,0.427350657705078,0.0161293111748683
"132",1,"SN","Placebo","DENV-4",5.8,5.4,6.4,0.0833333333333333,345,0.763427993562937,0.732393759822969,0.806179973983887,0.349621964345438,0.0188230138165609
"133",6,"SP","TAK","DENV-4",778,730,830,0.5,1816,2.89097959698969,2.86332286012046,2.91907809237607,0.606118422614384,0.0142232735345964
"134",6,"SP","Placebo","DENV-4",229,198,266,0.5,902,2.35983548233989,2.29666519026153,2.42488163663107,0.982337984920316,0.0327082771350857
"135",6,"SN","TAK","DENV-4",64,59,70,0.5,702,1.80617997398389,1.77085201164214,1.84509804001426,0.501828954992672,0.0189403133602328
"136",6,"SN","Placebo","DENV-4",6.2,5.6,6.9,0.5,345,0.792391689498254,0.7481880270062,0.838849090737255,0.429580234624464,0.0231278223803712
"137",12,"SP","TAK","DENV-4",818,766,874,1,1816,2.91275330367132,2.8842287696326,2.9415114326344,0.622723212462332,0.0146129242351528
"138",12,"SP","Placebo","DENV-4",293,252,340,1,902,2.46686762035411,2.40140054078154,2.53147891704225,0.996603272324147,0.0331832592501813
"139",12,"SN","TAK","DENV-4",64,58,71,1,702,1.80617997398389,1.76342799356294,1.85125834871908,0.593645428732389,0.0224057028459535
"140",12,"SN","Placebo","DENV-4",6.4,5.8,7.1,1,345,0.806179973983887,0.763427993562937,0.851258348719075,0.416167459572832,0.0224057028459536
"141",24,"SP","TAK","DENV-4",636,592,682,2,1816,2.80345711564841,2.77232170672292,2.83378437465648,0.668164292936054,0.015679252023867
"142",24,"SP","Placebo","DENV-4",264,228,307,2,902,2.42160392686983,2.35793484700045,2.48713837547719,0.98990057361771,0.0329600837950848
"143",24,"SN","TAK","DENV-4",56,50,63,2,702,1.7481880270062,1.69897000433602,1.79934054945358,0.678404580995882,0.0256047308973375
"144",24,"SN","Placebo","DENV-4",7.5,6.5,8.6,2,345,0.8750612633917,0.812913356642856,0.934498451243568,0.576107882655699,0.0310166057654878
